{
  "sphere": {
    "best_value": 2.514443475824265e-94,
    "hparams": {
      "w": 0.40833193677241364,
      "c1": 1.656604216972277,
      "c2": 1.326137884205853
    },
    "trial_number": 41
  },
  "rosenbrock": {
    "best_value": 0.035955882679719046,
    "hparams": {
      "w": 0.7190609389379257,
      "c1": 0.812037280884873,
      "c2": 0.8119890406724053
    },
    "trial_number": 1
  },
  "sum_squares": {
    "best_value": 5.103476866675714e-97,
    "hparams": {
      "w": 0.30303609610558807,
      "c1": 2.2003868451411535,
      "c2": 1.4937933261578134
    },
    "trial_number": 20
  },
  "dixon_price": {
    "best_value": 0.6666666666666667,
    "hparams": {
      "w": 0.3406585285177396,
      "c1": 2.23235229154987,
      "c2": 1.7022300234864176
    },
    "trial_number": 2
  },
  "zakharov": {
    "best_value": 7.626531419201404e-13,
    "hparams": {
      "w": 0.34469774719511825,
      "c1": 1.1865773376409114,
      "c2": 1.926003905614604
    },
    "trial_number": 38
  },
  "rastrigin": {
    "best_value": 12.958507814988764,
    "hparams": {
      "w": 0.306732313832741,
      "c1": 2.462149661225865,
      "c2": 1.9956339896269306
    },
    "trial_number": 12
  },
  "ackley": {
    "best_value": 7.549516567451064e-15,
    "hparams": {
      "w": 0.499838046664374,
      "c1": 2.4949396569619466,
      "c2": 1.1442718752859073
    },
    "trial_number": 48
  },
  "griewank": {
    "best_value": 0.0,
    "hparams": {
      "w": 0.3406585285177396,
      "c1": 2.23235229154987,
      "c2": 1.7022300234864176
    },
    "trial_number": 2
  },
  "schwefel": {
    "best_value": 2567.333513062451,
    "hparams": {
      "w": 0.8311500988457801,
      "c1": 1.7329822780994668,
      "c2": 1.2058296022871424
    },
    "trial_number": 12
  },
  "levy": {
    "best_value": 1.4997597826618576e-32,
    "hparams": {
      "w": 0.3406585285177396,
      "c1": 2.23235229154987,
      "c2": 1.7022300234864176
    },
    "trial_number": 2
  }
}